{"amplitude": -0.07635652325638609, "center": 12.554604302629842, "sigma": 2.4848179005262057, "a": -0.002382384668269189, "b": -0.00031572268857427084, "c": 0.002128192462848047, "d": 0.00843970767720248}