{"amplitude": -0.07107684247618706, "center": 12.554515399787778, "sigma": 2.2990060800841468, "a": -0.002382384668269189, "b": -0.00031572268857427084, "c": 0.002128192462848047, "d": 0.00843970767720248}