{"amplitude": -0.07107684247618706, "center": 12.554515399787778, "sigma": 2.2990060800841468}