{"amplitude": -0.07635652325638609, "center": 12.554604302629842, "sigma": 2.4848179005262057}