{"amplitude": -7.22401582804114, "center": 12.554505012449653, "sigma": 2.282447000012405}