{"amplitude": -0.08205399516546574, "center": 12.55063662220675, "sigma": 2.383774310804017}