{
    "amplitude": -0.1982736525331729,
    "center": 12.394204284994485,
    "sigma": 2.9372639283132407
}