{
    "amplitude": -0.20882259708405088,
    "center": 12.35384844155736,
    "sigma": 3.0003363949681088
}