{"amplitude": -23.136445197345815, "center": 12.554300912440926, "sigma": 2.2825363865104666, "a": -0.7512893619485952, "b": -0.10475944916998503, "c": 0.22800302491770896, "d": 9.333574115130332}