{"amplitude": -23.136445197345815, "center": 12.554300912440926, "sigma": 2.2825363865104666, "a": -0.6618306105368335, "b": -0.09228536129409637, "c": 0.20085387711852498, "d": 8.222191565554972}