{"a1": -0.5058449711778293, "a2": -0.07053617552583201, "a3": 0.1534572348675125, "b": 6.284470334328825}