{"amplitude": -17.81477347037299, "center": 12.554226013368629, "sigma": 2.1755516673715287, "a": -0.5058449711778293, "b": -0.07053617552583201, "c": 0.1534572348675125, "d": 6.284470334328825}