{"amplitude": -25.28430337976477, "center": 12.554311265400557, "sigma": 2.299082675598178, "a": -0.5961553701563551, "b": -0.08312776236224173, "c": 0.1808335893479126, "d": 7.406488508371728}