{"amplitude": -29.07066591268366, "center": 12.554399587812105, "sigma": 2.4848975380654035, "a1": -0.40966432101604044, "a2": -0.0677658868448594, "a3": 0.45432055749008726, "b": 5.017603903358826}