{"amplitude": -25.28430316873929, "center": 12.554311265181498, "sigma": 2.2990826362951635}