{"amplitude": -0.06174159002540493, "center": 12.67627013034414, "sigma": 2.1604559554471847, "a": -0.003034818408994125, "b": -0.0003186321106250717, "c": 0.0024994025887675802, "d": 0.004529490484510256}