{"amplitude": -0.06174159002540493, "center": 12.67627013034414, "sigma": 2.1604559554471847}