{"amplitude": -0.06521016575922002, "center": 12.676267226431447, "sigma": 2.197162425642903}