{
    "a": -0.0013872941776105208,
    "b": -6.59127501745349e-05,
    "c": 0.002426582659537324,
    "d": -0.0018323856605246824,
    "amplitude": -0.09040962223598671,
    "center": 12.685239422337355,
    "sigma": 2.4351633514379625
}