{
    "a": -0.0014288414909571223,
    "b": -0.00010437499146842555,
    "c": 0.0022878040714328085,
    "d": 0.00028404054869834994,
    "amplitude": -0.09435424161675494,
    "center": 12.685106052136309,
    "sigma": 1.9918007189252558
}