{
    "amplitude": -0.15967155446238093,
    "center": 12.671509726739972,
    "sigma": 2.3964407800214325
}