{
    "amplitude": -0.11262051814179677,
    "center": 12.648945172846092,
    "sigma": 2.603174089553523
}