{
    "amplitude": -0.13415449584253453,
    "center": 12.65077210278572,
    "sigma": 2.1274007339792376
}