{"amplitude": -14.08066878075468, "center": 13.676820920014354, "sigma": 2.1451825759392062, "a": -0.8983574187292234, "b": -0.09098413671240224, "c": 0.04396177751936137, "d": 7.908018875123758}