{"amplitude": -17.78041245682871, "center": 13.676810767816475, "sigma": 2.160598603346397, "a": -1.0587020413007473, "b": -0.10723364648960955, "c": 0.05178062557570175, "d": 9.320302576852264}