{"a1": -0.543443232515243, "a2": -0.05503591782450945, "a3": 0.026602268356192615, "b": 4.783598112405737}