{"amplitude": -10.705854696213073, "center": 13.676814163735392, "sigma": 2.1492150818973594, "a": -2.1550399670241482, "b": -0.2182619974574611, "c": 0.10544326325009046, "d": 18.970961976579698}