{"amplitude": -0.03067179709788876, "center": 13.506256084965957, "sigma": 1.9279656530188718, "a1": -0.0029142970341398122, "a2": -0.00033283765940317345, "a3": 0.0008064206052604828, "b": 0.021316426252585563}