{"amplitude": -19.36946038558204, "center": 13.676808535826686, "sigma": 2.197289444272739, "a1": -0.3084871148829278, "a2": -0.026966228663032936, "a3": -0.2399642834250008, "b": 3.4697556325614376}