{"amplitude": 0.0, "center": 0.0, "sigma": 3.833333333333334, "a1": -0.6418051428218693, "a2": -0.06491141768256668, "a3": 0.03190246406301876, "b": 5.523888637488313}