{"amplitude": -14.048721388725516, "center": 13.676810767829766, "sigma": 2.1605987376614015}