{"amplitude": -10.705854696213073, "center": 13.676814163735392, "sigma": 2.1492150818973594}