{"amplitude": -10.75605182693766, "center": 13.676810767897754, "sigma": 2.160598541178701}