{"amplitude": -5.487781607062112, "center": 13.676810767848558, "sigma": 2.1605985908947787}