{"amplitude": -6.857766642631165, "center": 12.676270130243255, "sigma": 2.1604560941224373}