{"amplitude": -1.9756012138395493, "center": 13.676810768388039, "sigma": 2.160598230219518}