{"amplitude": -25.28430316873929, "center": 12.554311265181498, "sigma": 2.2990826362951635, "a": -4.72401303111676, "b": -0.6587138271160529, "c": 1.4336722317423753, "d": 58.687501634721805}