{"amplitude": -25.28430316873929, "center": 12.554311265181498, "sigma": 2.2990826362951635, "a": -0.8202576940843909, "b": -0.11437629010328632, "c": 0.2489367982527837, "d": 10.190250205761183}