{"amplitude": -7.22401582804114, "center": 12.554505012449653, "sigma": 2.282447000012405, "a": -0.18711205434997294, "b": -0.02479680183689516, "c": 0.1671478459125547, "d": 0.6628530746186762}