{
    "a": -0.0013807775885978923,
    "b": -8.758401316222297e-05,
    "c": 0.002287804071431254,
    "d": 0.0018044554576587268,
    "amplitude": -0.22621857051200894,
    "center": 12.663864391473123,
    "sigma": 2.6706885240113847
}