{
    "a": -0.0014288414909571223,
    "b": -0.00010437499146842555,
    "c": 0.0022878040714328085,
    "d": 0.00028404054869834994,
    "amplitude": -0.10289618192811453,
    "center": 12.67675807084351,
    "sigma": 2.0283613408695587
}