{
    "a": -0.4905982286521254,
    "b": -0.031119102980706727,
    "c": 0.8128699658857343,
    "d": 0.6411333590875109,
    "amplitude": -0.22621857051200894,
    "center": 12.663864391473123,
    "sigma": 2.6706885240113847
}