{
    "a": -0.0013872941776105208,
    "b": -6.59127501745349e-05,
    "c": 0.002426582659537324,
    "d": -0.0018323856605246824,
    "amplitude": -0.09560318780240923,
    "center": 12.67096209379593,
    "sigma": 2.4826747214540448
}