{
    "a": -0.2000078047508725,
    "b": -0.009261669948949513,
    "c": 0.2257972107206255,
    "d": -0.30396517660507616,
    "amplitude": -0.06283849279271812,
    "center": 12.663864395169735,
    "sigma": 2.6706886076185703
}