{
    "a": -0.7200280982436218,
    "b": -0.0333420112252345,
    "c": 0.8128699615350108,
    "d": -1.0942746998848194,
    "amplitude": -0.22621857051200894,
    "center": 12.663864391473123,
    "sigma": 2.6706885240113847
}