{"a": -0.00547098992830497, "b": -0.0002747013441604107, "c": 0.0076041266701976085, "d": -0.005781505259775166, "e": 0.0014579356858495096, "amplitude": -0.2262185668418429, "center": 12.663864387892286, "sigma": 2.6706884371503463}