{
    "amplitude": -0.22621857051200894,
    "center": 12.663864391473123,
    "sigma": 2.6706885240113847
}