{
    "amplitude": -0.2262185668418429,
    "center": 12.663864387892286,
    "sigma": 2.6706884371503463
}