{
    "amplitude": -0.06283849279271812,
    "center": 12.663864395169735,
    "sigma": 2.6706886076185703
}