{"amplitude": -0.044792982959374505, "center": 12.67588705368717, "sigma": 2.44584588190951, "a": -0.0030320347213184714, "b": -0.00031791236778332745, "c": 0.0024994026153176514, "d": 0.004624415465791659}