{
    "amplitude": -0.28242184583849866,
    "center": 12.63133866477566,
    "sigma": 2.825703276844522
}