{"amplitude": -0.044792982959374505, "center": 12.67588705368717, "sigma": 2.44584588190951}