{"amplitude": -5.225957046131604, "center": 12.676273693934673, "sigma": 2.149083320061624, "a": -0.23835408054000728, "b": -0.025025307374283656, "c": 0.19630262066164184, "d": 0.35574534124693824}