{"amplitude": -0.06521016575922002, "center": 12.676267226431447, "sigma": 2.197162425642903, "a": -0.003034818408994125, "b": -0.0003186321106250717, "c": 0.0024994025887675802, "d": 0.004529490484510256}