{"amplitude": -5.225957046131604, "center": 12.676273693934673, "sigma": 2.149083320061624}