{"a": -0.0015479687136037389, "b": -8.799651197310265e-05, "c": 0.0015125754500292907, "d": -0.0011232965223374417, "e": -0.0016506428530266458, "f": 0.0020742999012143995}