{"a": -0.0015479687261833609, "b": -8.799650754039756e-05, "c": 0.0017245256237682065, "d": -0.0012837674098944382, "e": -0.0016506425508167172, "f": 0.002697978945069987}