{"a": -0.0015479687137951448, "b": -8.799651378166296e-05, "c": 0.0006836281993163329, "d": -0.00048141281962532645, "e": -0.0016506431475140637, "f": -0.00039620554221753146}