{"a": -0.001579691699462371, "b": -9.075257174440132e-05, "c": 0.0012757381957819725, "d": -0.0009385384392635032, "e": -0.00172592139858474, "f": 0.006668339518196342}