{"a": -5.572687363693758, "b": -0.31678744425408856, "c": 4.689502001186645, "d": -3.466172261021409, "e": -5.942315404660928, "f": 5.231014354782017}