{"a": -0.2485570335557441, "b": -0.017846521263379822, "c": 0.040316137954426456, "d": -0.012351290926116976, "e": -0.308001589308482, "f": 1.6871931513566873}