{"a": -0.005572687364252316, "b": -0.000316787446068556, "c": 0.004689501988081823, "d": -0.0034661722870521494, "e": -0.005942315324396041, "f": 0.005231014491684394}