{"a": -0.0016103698689449164, "b": -0.00011268054779978165, "c": 0.000277394280831178, "d": -8.023547178659385e-05, "e": -0.001981697114500802, "f": 0.010901293402766576}