{"a": -0.2593149330666397, "b": -0.016316132534701686, "c": 0.035315730199314214, "d": -0.012496912452589682, "e": 1.2088616692934138}