{
    "amplitude": -0.3410074821652468,
    "center": 12.393305433648758,
    "sigma": 2.3760323260348426
}