{
    "amplitude": -0.37052796883647743,
    "center": 12.350516111835509,
    "sigma": 2.427579627807901
}