{"amplitude": -10.705854696213073, "center": 13.676814163735392, "sigma": 2.1492150818973594, "a": -2.6804428426097706, "b": -0.27147469093373255, "c": 0.13115065166367504, "d": 23.59611798943798}