{"amplitude": -1.9756012138395493, "center": 13.676810768388039, "sigma": 2.160598230219518, "a": -0.0029418783552861184, "b": -0.00029795267457280103, "c": 0.00014394299394264776, "d": 0.025897333856155502}