{"amplitude": -5.487781607062112, "center": 13.676810767848558, "sigma": 2.1605985908947787, "a": -0.32676052872386285, "b": -0.033094221525161505, "c": 0.015988060033109486, "d": 2.876470480604029}