{"amplitude": -21.51210365387532, "center": 27.353621535795508, "sigma": 4.321197082357402, "a": -1.280901272593285, "b": -0.12972934837484962, "c": 0.06267319533400295, "d": 11.275764283970862}