{"amplitude": -14.048721388725516, "center": 13.676810767829766, "sigma": 2.1605987376614015, "a": -3.8174530709865944, "b": -0.3866306558875604, "c": 0.18678396224990151, "d": 33.60501168430214}