{"amplitude": -18.00732283484334, "center": 33.28571829171949, "sigma": 5.672988362642921, "a": -0.8851238375224858, "b": -0.09293105470498092, "c": 0.7289664541221232, "d": 1.321054294154431}