{
    "A_I": 0.3,
    "A_S": 0.8,
    "DX": 0.011000000000000003,
    "IE": 0.9500000000000001,
    "T_RAIN": 0.0,
    "v_a_limit": 7
}