,DX,Max_IceV,Duration
0,0.001,27.35831355517971,37.604166666666664
1,0.0015,28.992259870794193,40.020833333333336
