,DX,Max_IceV,Duration
0,0.001,27.35831355517971,37.604166666666664
1,0.002,45.24156745881115,117.01041666666667
2,0.003,71.1521384792776,117.01041666666667
3,0.004,89.44661825814367,117.01041666666667
4,0.005,102.003563554805,117.01041666666667
5,0.006,110.6647479434688,117.01041666666667
6,0.007,117.30061663449625,117.01041666666667
7,0.008,122.43702377010017,117.01041666666667
8,0.009000000000000001,126.25217013501191,117.01041666666667
