{
    "a": -0.0010122307185753102,
    "b": -6.591274843512484e-05,
    "c": 0.0017598031773477798,
    "d": 0.0011681220917553184,
    "amplitude": -0.1696317187991981,
    "center": 12.495461337792163,
    "sigma": 2.76798273474156
}