{"amplitude": -0.08205399516546574, "center": 12.55063662220675, "sigma": 2.383774310804017, "a": -0.0023828730896421277, "b": -0.000315848970288924, "c": 0.0021281924743498104, "d": 0.008423051991714635}