{
    "a": -1.457185647569493,
    "b": -0.0926167002399912,
    "c": 1.6375236444998942,
    "d": 1.303487571245386,
    "amplitude": -0.3785708385679858,
    "center": 12.49495693362237,
    "sigma": 2.7725489017785967
}