{
    "a": -0.0010752282761139487,
    "b": -0.00010437499146842555,
    "c": 0.001659158356156043,
    "d": 0.0031129462674445163,
    "amplitude": -0.3410074821652468,
    "center": 12.393305433648758,
    "sigma": 2.3760323260348426
}