{
    "a": -1.013770600181846,
    "b": -0.08644195396566803,
    "c": 1.6375236644635103,
    "d": 4.57294418125882,
    "amplitude": -0.3785708385679858,
    "center": 12.49495693362237,
    "sigma": 2.7725489017785967
}