{
    "a": -0.0010752282761139487,
    "b": -0.00010437499146842555,
    "c": 0.001659158356156043,
    "d": 0.0031129462674445163,
    "amplitude": -0.26600013280933255,
    "center": 12.4960897305484,
    "sigma": 2.2490816275934606
}