{
    "a": -0.4047737931484252,
    "b": -0.025726860513792138,
    "c": 0.45486768431980873,
    "d": 0.36207978295201526,
    "amplitude": -0.10515856625267042,
    "center": 12.494956933806842,
    "sigma": 2.7725489013026774
}