{
    "a": -0.0010122307185753102,
    "b": -6.591274843512484e-05,
    "c": 0.0017598031773477798,
    "d": 0.0011681220917553184,
    "amplitude": -0.1982736525331729,
    "center": 12.394204284994485,
    "sigma": 2.9372639283132407
}