{
    "amplitude": -0.10515856625267042,
    "center": 12.494956933806842,
    "sigma": 2.7725489013026774
}