{
    "amplitude": -0.3785708385679858,
    "center": 12.49495693362237,
    "sigma": 2.7725489017785967
}