{
    "amplitude": -0.3785708385789771,
    "center": 12.494956933865874,
    "sigma": 2.772548901809975
}